City,Date,Sales,dow,month,is_month_end,weekofyear,lag_1,lag_7,rollmean_7,rollmean_28,rollstd_28
Arlington,2016-06-11,12.544,5,6,0,23,641.96,1224.831,251.82271428571428,373.44875,485.66994098130647
Arlington,2016-10-20,61.1,3,10,0,42,12.544,60.84,251.85985714285718,338.74333333333334,466.0805441554603
Arlington,2017-02-06,359.97,0,2,0,6,61.1,918.785,172.0291428571429,340.866,439.47621644180015
Aurora,2016-09-03,83.952,5,9,0,35,313.66,268.935,227.837,232.97424999999998,246.85566451138433
Aurora,2016-09-19,701.372,0,9,0,38,83.952,128.058,309.739,285.01844444444447,278.7434085176325
Aurora,2016-09-24,21.44,5,9,0,38,701.372,796.425,199.02685714285715,258.6606,275.7030083006793
Aurora,2016-10-13,752.4100000000001,3,10,0,41,21.44,24.64,302.994,303.5469090909091,300.95435216871493
Aurora,2016-11-29,242.176,1,11,0,48,752.4100000000001,102.36,322.96771428571435,298.43266666666665,287.4950977714334
Aurora,2017-01-30,69.375,0,1,0,5,242.176,145.764,312.055,280.8128461538462,282.4917702862764
Chicago,2014-12-15,8.544,0,12,0,51,94.428,29.32,344.59999999999997,305.19,272.68557933687237
Chicago,2014-12-29,38.976,0,12,0,1,8.544,359.772,298.772,275.6106666666667,270.0688424735442
Chicago,2015-03-05,4.712,3,3,0,10,38.976,421.372,239.24914285714289,248.5208,268.6478314823661
Chicago,2015-04-30,213.115,3,4,1,18,4.712,493.43,199.20414285714287,245.3020909090909,255.08518693662108
Chicago,2015-05-31,51.56,6,5,1,22,213.115,808.928,91.00871428571429,229.15691666666666,249.5618932010321
Chicago,2015-07-12,391.367,6,7,0,28,51.56,225.726,114.67171428571429,241.6346153846154,243.13587190860264
Chicago,2015-09-13,170.072,6,9,0,37,391.367,94.428,125.478,236.523,234.37905423939628
Chicago,2015-09-27,24.288,6,9,0,39,170.072,8.544,127.72714285714287,222.374,232.4061740128384
Chicago,2015-11-13,17.496,4,11,0,46,24.288,38.976,124.65857142857143,209.569125,230.2937795908739
Chicago,2015-11-16,34.504,0,11,0,47,17.496,4.712,128.91457142857143,199.27117647058824,226.98752169977192
Chicago,2015-11-28,12.132,5,11,0,48,34.504,213.115,100.20271428571428,188.87455555555556,224.58442882648893
Chicago,2015-12-20,359.058,6,12,0,51,12.132,51.56,144.131,197.83157894736843,221.72140728634008
Chicago,2016-02-16,62.958,1,2,0,7,359.058,391.367,97.21542857142857,191.0879,217.90488295123052
Chicago,2016-03-06,305.02,6,3,0,9,62.958,170.072,116.49371428571429,196.5132380952381,213.83762829701064
Chicago,2016-03-21,528.43,0,3,0,12,305.02,24.288,188.51399999999998,211.60036363636362,220.35595581122948
Chicago,2016-03-29,844.116,1,3,0,13,528.43,17.496,306.6025714285714,239.10104347826086,252.47620164401422
Chicago,2016-05-17,22.608,1,5,0,20,844.116,34.504,304.9031428571429,230.0805,250.8498135198759
Chicago,2016-05-27,30.76,4,5,0,21,22.608,12.132,307.5642857142857,222.10768,248.78278518782201
Chicago,2016-06-04,612.637,5,6,0,22,30.76,359.058,343.78985714285716,237.12803846153844,255.50547863738353
Chicago,2016-09-02,84.272,4,9,0,35,612.637,62.958,346.83471428571426,231.4667037037037,252.26480589571176
Chicago,2016-09-03,198.744,5,9,0,35,84.272,305.02,331.6524285714286,230.29803571428573,247.62638920244973
Chicago,2016-10-23,16.156,6,10,0,42,198.744,528.43,258.47042857142856,229.82789285714287,248.034258734008
Chicago,2016-11-11,47.992,4,11,0,45,16.156,844.116,144.73842857142856,218.69289285714288,248.98118144749031
Chicago,2016-11-12,22.752,5,11,0,45,47.992,22.608,144.75900000000001,204.45646428571428,248.35854183529548
Chicago,2016-12-23,141.372,4,12,0,51,22.752,30.76,160.56071428571428,191.88296428571428,242.0177837968971
Chicago,2017-02-03,22.2,4,2,0,5,141.372,612.637,76.21257142857144,163.78553571428571,211.46780734603414
Chicago,2017-02-17,480.96,4,2,0,7,22.2,84.272,132.88228571428573,172.9010357142857,219.58205585400813
Chicago,2017-03-13,89.768,0,3,0,11,480.96,198.744,117.31428571428572,172.73460714285716,219.64549287335873
Chicago,2017-04-20,376.018,3,4,0,16,89.768,16.156,168.72314285714285,185.85867857142856,220.44858944485486
Chicago,2017-05-18,24.5,3,5,0,20,376.018,47.992,165.36714285714288,185.34167857142856,220.82247719027245
Chicago,2017-05-22,181.986,0,5,0,21,24.5,22.752,188.11485714285712,191.67289285714287,217.9747788496266
Chicago,2017-05-28,106.869,6,5,0,21,181.986,141.372,183.18585714285715,187.87839285714284,218.51179302276827
Chicago,2017-06-09,132.901,4,6,0,23,106.869,22.2,199.0002857142857,190.7834285714286,217.16894009340055
Chicago,2017-06-12,8.856,0,6,0,24,132.901,480.96,131.55685714285713,177.12232142857144,216.11225709494272
Chicago,2017-06-13,470.302,1,6,0,24,8.856,89.768,185.91885714285715,187.8448214285714,223.08502844332588
Chicago,2017-06-30,583.282,4,6,1,26,470.302,376.018,215.528,207.80889285714287,232.71083948211256
Columbia,2016-04-17,79.12,6,4,0,15,971.5,393.83,697.0805714285715,659.17425,487.6487725653577
Columbia,2016-07-22,27.42,4,7,0,29,79.12,527.16,625.6891428571429,588.9793333333333,502.4162583396361
Columbia,2017-05-28,301.96,6,5,0,21,27.42,397.6,612.0262857142856,560.2774,482.29991373376794
Columbus,2015-09-13,1516.2,6,9,0,37,358.626,302.45,656.0731428571429,611.8702499999999,453.0170970226022
Columbus,2015-10-03,35.49,5,10,0,40,1516.2,8.32,659.9545714285714,547.828,465.2785369926277
Columbus,2015-11-28,71.12,5,11,0,48,35.49,585.08,586.5317142857142,500.1572,463.848442851949
Columbus,2015-12-25,275.88,4,12,0,52,71.12,611.058,538.6491428571428,479.76836363636363,445.21072681759875
Columbus,2016-01-11,54.992,0,1,0,2,275.88,917.848,415.384,444.37033333333335,441.84783736718754
Columbus,2016-03-11,76.92,4,3,0,10,54.992,595.38,341.3182857142857,416.10492307692306,435.13965557938246
Columbus,2016-03-14,21.88,0,3,0,11,76.92,358.626,293.21171428571427,387.94599999999997,431.14075686431977
Columbus,2016-03-27,60.16,6,3,0,12,21.88,1516.2,85.206,366.09360000000004,423.9905094956726
Columbus,2016-04-01,7.04,4,4,0,13,60.16,35.49,81.14171428571429,343.65275,419.33386457467674
Columbus,2016-04-08,354.9,4,4,0,14,7.04,71.12,121.68171428571428,344.3143529411765,406.0274320401488
Columbus,2016-04-19,205.176,1,4,0,16,354.9,275.88,111.58114285714285,336.58444444444444,395.26732306633465
Columbus,2016-05-25,24.96,2,5,0,21,205.176,54.992,107.29085714285715,320.18315789473684,390.7268949730124
Columbus,2016-07-14,51.75,3,7,0,28,24.96,76.92,103.69514285714286,306.76149999999996,385.0132368496193
Columbus,2016-09-16,121.78,4,9,0,37,51.75,21.88,117.96657142857143,297.95285714285717,377.42928992147466
Columbus,2016-09-18,104.724,6,9,0,37,121.78,60.16,124.33285714285715,289.1697272727273,370.62994089846313
Columbus,2016-09-23,368.97,4,9,0,38,104.724,7.04,176.03714285714287,292.63930434782606,362.490678577888
Columbus,2016-09-24,155.372,5,9,0,38,368.97,354.9,147.53314285714285,286.9198333333333,355.62841145018166
Columbus,2016-11-20,86.97,6,11,0,46,155.372,205.176,130.64657142857143,278.92184000000003,350.4299014614858
Columbus,2016-11-21,205.506,0,11,0,47,86.97,24.96,156.43885714285716,276.0981538461538,343.6515306173616
Columbus,2016-12-11,787.02,6,12,0,49,205.506,51.75,261.47742857142856,295.0211851851852,351.03047781124
Columbus,2017-01-26,62.72,3,1,0,4,787.02,121.78,253.04028571428572,286.7247142857143,347.2547824259489
Columbus,2017-02-11,147.568,5,2,0,6,62.72,104.724,259.1608571428572,281.1932142857143,348.2272269289394
Columbus,2017-03-16,51.264,3,3,0,11,147.568,368.97,213.77428571428572,282.7269285714286,347.0735449437865
Columbus,2017-03-20,2.91,0,3,0,12,51.264,155.372,191.994,261.9351428571428,345.72505726797095
Columbus,2017-04-02,411.8,6,4,0,13,2.91,86.97,238.39828571428572,254.8187857142857,340.2804794063118
Columbus,2017-05-08,47.992,0,5,0,19,411.8,205.506,215.89628571428574,223.7525,316.37402332968935
Columbus,2017-05-29,6.24,0,5,0,22,47.992,787.02,104.35628571428572,202.71178571428572,310.27507948931463
Columbus,2017-06-12,452.94,0,6,0,24,6.24,62.72,160.102,206.08014285714287,312.5340933982645
Columbus,2017-07-03,23.99,0,7,0,27,452.94,147.568,142.448,152.78692857142855,179.9703905930554
Concord,2017-05-28,247.44,6,5,0,21,363.92,129.568,812.896,727.48,1447.2610608120629
Concord,2017-07-03,102.3,0,7,0,27,247.44,99.592,813.2828571428572,658.0155555555556,1369.7342031404407
Dallas,2015-10-15,131.376,3,10,0,42,72.78,998.112,337.7858,420.326575,518.1251574713413
Dallas,2016-04-30,22.608,5,4,1,17,131.376,657.93,247.02551428571428,376.13562222222225,502.46644835330494
Dallas,2016-08-28,156.3728,6,8,0,34,22.608,31.776,264.82505714285713,354.15934000000004,478.80016499512664
Dallas,2016-09-09,15.008,4,9,0,36,156.3728,1352.3976,73.7694,323.3274,465.5978221225095
Dallas,2016-11-07,44.46,0,11,0,45,15.008,14.76,78.01225714285715,300.08845,451.1701715710311
Dallas,2017-03-10,933.408,4,3,0,10,44.46,103.481,196.57325714285713,348.80533846153844,466.3099876873851
Dallas,2017-05-30,204.6664,1,5,0,22,933.408,72.78,215.41417142857145,338.5097,449.66928758694
Dallas,2017-06-19,457.485,0,6,0,25,204.6664,131.376,262.00117142857147,346.44138666666663,434.3997117365952
Dallas,2017-06-29,717.3132,3,6,0,26,457.485,22.608,361.2447714285715,369.620875,429.79008960580984
Dallas,2017-07-05,332.028,2,7,0,27,717.3132,156.3728,386.33837142857146,367.4095294117647,416.2423355347696
Detroit,2015-12-25,160.98,4,12,0,52,1204.09,5.47,538.9528571428572,472.2675,464.03092276115757
Detroit,2016-05-27,3504.9,4,5,0,21,160.98,212.94,1009.2328571428571,809.2266666666667,1100.1283698391746
Detroit,2016-07-31,272.94,6,7,1,30,3504.9,75.33,1037.462857142857,755.598,1050.9837978960475
Detroit,2016-08-26,447.84,4,8,0,34,272.94,622.45,1012.5185714285714,727.62,1001.3594271888591
Detroit,2016-09-05,255.16,0,9,0,36,447.84,389.97,993.26,688.2483333333333,964.4510420755457
Detroit,2016-10-22,31.4,5,10,0,42,255.16,1106.91,839.6157142857144,637.7215384615384,941.1909667264322
Detroit,2016-11-30,389.97,2,11,1,48,31.4,1204.09,723.3128571428572,620.025,906.6880436448147
Detroit,2016-12-15,1652.94,3,12,0,50,389.97,160.98,936.4499999999999,688.8860000000001,913.5045370033552
Detroit,2017-01-23,210.98,0,1,0,4,1652.94,3504.9,465.89,659.016875,890.5798507543179
Detroit,2017-05-07,1962.09,6,5,0,18,210.98,272.94,707.1971428571429,735.6682352941177,918.3920833461823
Detroit,2017-06-22,487.96,3,6,0,25,1962.09,447.84,712.9285714285714,721.9066666666666,892.8821414880215
Franklin,2016-12-09,79.974,4,12,0,49,2033.78,700.056,685.4332857142856,687.261125,729.6213773500095
Franklin,2017-06-03,35.168,5,6,0,22,79.974,392.94,634.3230000000001,614.8063333333334,716.2759290381745
Henderson,2017-03-31,61.0,4,3,1,13,993.9,2573.82,609.5757142857144,855.10625,890.061168442733
Henderson,2017-04-15,196.45,5,4,0,15,61.0,57.21,629.4671428571429,781.9222222222222,861.0376823458105
Houston,2014-10-17,5.312,4,10,0,42,300.5328,376.509,434.83711428571434,427.5461,408.7114848210095
Houston,2014-11-07,683.144,4,11,0,45,5.312,317.058,487.1351142857143,455.9458666666667,391.6929458351401
Houston,2014-11-12,67.9932,2,11,0,46,683.144,1145.69,333.1784285714285,417.15060000000005,389.13628788674487
Houston,2014-11-23,155.372,6,11,0,47,67.9932,107.772,339.9784285714286,393.3525454545454,377.51048581050134
Houston,2014-11-26,19.3,2,11,0,48,155.372,200.795,314.0505714285714,362.18149999999997,375.789758294942
Houston,2014-12-01,674.058,0,12,0,49,19.3,966.7,272.2445714285714,386.17199999999997,370.0430430945477
Houston,2014-12-06,23.976,5,12,0,49,674.058,300.5328,232.73645714285718,360.3008571428572,368.4685314681456
Houston,2014-12-26,600.558,4,12,0,52,23.976,5.312,317.7716,376.31800000000004,360.44347928074063
Houston,2015-03-01,1227.9984,6,3,0,9,600.558,683.144,395.60794285714286,429.548025,408.1582666355646
Houston,2015-03-19,383.4656,3,3,0,12,1227.9984,67.9932,440.67542857142854,426.8372941176471,395.35555454754336
Houston,2015-03-23,107.772,0,3,0,13,383.4656,155.372,433.87542857142853,409.1114444444445,390.8545081090949
Houston,2015-03-31,22.38,1,3,1,14,107.772,19.3,434.3154285714286,388.7571578947368,390.06643010735473
Houston,2015-04-26,408.422,6,4,0,17,22.38,674.058,396.36742857142855,389.7404,379.6882466926892
Houston,2015-05-12,21.968,1,5,0,20,408.422,23.976,396.08057142857143,372.22742857142856,378.67637102961294
Houston,2015-06-25,75.384,3,6,0,26,21.968,600.558,321.05571428571426,358.73454545454547,374.93025554116656
Houston,2015-08-06,369.1992,3,8,0,32,75.384,1227.9984,198.37011428571427,359.1895304347826,366.3165158127083
Houston,2015-08-25,27.984,1,8,0,35,369.1992,383.4656,147.5870285714286,345.3893,364.58778184391247
Houston,2015-09-17,21.936,3,9,0,38,27.984,107.772,135.32474285714287,332.45116800000005,362.72664875429575
Houston,2015-09-21,4.928,0,9,0,39,21.936,22.38,132.8316,319.8541230769231,361.1559509526401
Houston,2015-10-24,347.361,5,10,0,43,4.928,408.422,124.10860000000002,320.8728962962963,354.18210916252303
Houston,2015-11-07,64.96,5,11,0,45,347.361,21.968,130.2503142857143,311.73315,350.9100105844279
Houston,2015-11-13,613.9992,4,11,0,46,64.96,75.384,207.19534285714286,320.2149428571429,355.37544418091795
Houston,2015-12-01,6.688,1,12,0,49,613.9992,369.1992,155.40802857142856,309.1302999999999,360.2840909836014
Houston,2015-12-26,275.058,5,12,0,52,6.688,27.984,190.70431428571428,278.03630000000004,320.81968319498696
Houston,2015-12-27,744.4572,6,12,0,52,275.058,21.936,293.9216285714286,300.7750571428572,330.7154623689221
Houston,2016-02-02,73.784,1,2,0,5,744.4572,4.928,303.75820000000004,296.23895,333.00073145505525
Houston,2016-02-08,241.5,0,2,0,6,73.784,347.361,288.6352,270.33894999999995,306.0326662616778
Houston,2016-02-27,16.192,5,2,0,8,241.5,64.96,281.6683428571428,260.1839214285714,309.6894095695632
Houston,2016-03-21,99.372,0,3,0,12,16.192,613.9992,208.15017142857144,263.5432071428571,307.3234587540118
Houston,2016-04-08,95.984,4,4,0,14,99.372,6.688,220.90674285714286,242.57320714285714,297.5073383126241
Houston,2016-04-18,472.252,0,4,0,16,95.984,275.058,249.07731428571427,257.0110214285714,298.52875021064034
Houston,2016-06-12,386.356,6,6,0,23,472.252,744.4572,197.92000000000002,265.26045,298.8074038300311
Houston,2016-06-25,117.958,5,6,0,25,386.356,73.784,204.2305714285714,268.78395,296.3714005737451
Houston,2016-07-16,9.552,5,7,0,28,117.958,241.5,171.0951428571429,245.05159285714285,289.2362897732833
Houston,2016-08-18,14.896,3,8,0,33,9.552,16.192,170.91000000000003,244.72730714285711,289.4983068037863
Houston,2016-09-05,21.204,0,9,0,36,14.896,99.372,159.74314285714286,224.03609285714285,283.7715519266104
Houston,2016-09-08,2396.2656,3,9,0,36,21.204,95.984,488.3548,265.75992142857143,464.92158106568604
Houston,2016-09-10,300.93,5,9,0,36,2396.2656,472.252,463.8802285714286,262.81222142857143,464.409026456576
Houston,2016-09-26,454.965,0,9,0,39,300.93,386.356,473.6815142857143,275.2119714285714,464.75103640701514
Houston,2016-10-08,51.712,5,10,0,40,454.965,117.958,464.2178,276.2595428571429,464.1927561710253
Houston,2016-10-20,56.686,3,10,0,42,51.712,9.552,470.9512285714286,263.6975428571429,465.24186540612556
Houston,2016-11-04,77.488,4,11,0,44,56.686,14.896,479.8929428571428,265.6804,464.29079942184705
Houston,2016-11-05,1819.7928,5,11,0,44,77.488,21.204,736.8342,327.9807142857143,547.4065443338769
Houston,2016-11-19,2.328,5,11,0,46,1819.7928,2396.2656,394.8431142857143,314.8781714285714,550.7637710382722
Houston,2016-11-20,325.498,6,11,0,46,2.328,300.93,398.3528285714286,325.50367142857147,547.8862760591247
Houston,2016-12-02,781.864,4,12,0,48,325.498,454.965,445.05268571428576,352.6439571428571,551.1042714288128
Houston,2016-12-23,2.328,4,12,0,51,781.864,51.712,437.9978285714286,352.5511,551.165244671075
Houston,2017-02-09,3.984,3,2,0,6,2.328,56.686,430.4689714285714,340.2876357142857,555.0911010211702
Houston,2017-02-17,89.0664,4,2,0,7,3.984,77.488,432.12302857142856,341.1485785714286,554.6667858487141
Houston,2017-03-04,103.5,5,3,0,9,89.0664,1819.7928,186.93834285714289,322.9164642857143,553.7553101582016
Houston,2017-03-27,1835.136,0,3,0,13,103.5,2.328,448.7680571428572,388.2181785714286,619.0440709781406
Houston,2017-05-14,899.43,6,5,0,19,1835.136,325.498,530.7583428571428,410.5171785714286,626.0230027155287
Houston,2017-05-29,65.424,0,5,0,22,899.43,781.864,428.4097714285714,386.26599285714286,625.7598522278973
Jackson,2016-12-20,18.92,1,12,0,51,133.38,692.472,740.65,734.62775,889.2295360048254
Jackson,2017-01-16,302.67,0,1,0,3,18.92,993.92,641.8999999999999,686.6324444444443,844.1682095049408
Jacksonville,2016-05-14,30.192,5,5,0,19,77.952,153.12,401.10114285714286,370.1035,555.2194787955481
Jacksonville,2016-09-18,383.438,6,9,0,37,30.192,155.456,433.67,371.58511111111113,519.3792857566724
Jacksonville,2016-10-14,102.592,4,10,0,41,383.438,1355.388,254.69914285714285,344.68580000000003,497.0088646904041
Jacksonville,2016-11-06,243.552,6,11,0,44,102.592,1166.92,122.78942857142859,335.4918181818182,472.488997481596
Jacksonville,2017-04-01,218.352,5,4,0,13,243.552,4.712,153.30942857142855,325.73016666666666,451.76791973631634
Jacksonville,2017-04-10,12.32,0,4,0,15,218.352,17.088,152.62828571428574,301.6216923076923,441.182773720708
Jacksonville,2017-05-01,3737.182,0,5,0,18,12.32,77.952,675.3754285714285,547.0188571428571,1011.3093092467086
Jacksonville,2017-05-09,207.0,1,5,0,19,3737.182,30.192,700.6337142857143,524.3509333333333,978.4685573553534
Los Angeles,2014-05-26,515.962,0,5,0,22,232.88,19.3,233.04685714285714,206.3285,153.93042666923077
Los Angeles,2014-06-09,1755.044,0,6,0,24,515.962,125.07,465.90028571428576,378.408,535.9430409147973
Los Angeles,2014-06-25,447.84,2,6,0,26,1755.044,187.76,503.0545714285714,385.3512,505.76875119867447
Los Angeles,2014-07-13,351.216,6,7,0,28,447.84,59.92,544.6682857142857,382.248,479.9247389672677
Los Angeles,2014-08-05,340.144,1,8,0,32,351.216,230.28,560.3631428571429,378.7393333333334,457.7516762933079
Los Angeles,2014-08-19,289.24,1,8,0,34,340.144,279.456,561.7608571428572,371.85476923076925,438.96626060669587
Los Angeles,2014-08-25,6.28,0,8,0,35,289.24,232.88,529.3894285714285,345.7422857142857,432.9145751739781
Los Angeles,2014-09-26,145.568,4,9,0,39,6.28,515.962,476.47600000000006,332.39733333333334,420.3564652704496
Los Angeles,2014-09-29,204.6,0,9,0,40,145.568,1755.044,254.98399999999998,324.41,407.3577632362
Los Angeles,2014-10-03,265.784,4,10,0,40,204.6,447.84,228.97600000000003,320.9614117647059,394.67866993084687
Los Angeles,2014-10-28,616.998,1,10,0,44,265.784,351.216,266.94485714285713,337.4078888888889,389.2004581470444
Los Angeles,2014-10-31,146.352,4,10,1,44,616.998,340.144,239.26028571428574,327.3523157894737,380.7660494023204
Los Angeles,2014-11-04,573.728,1,11,0,45,146.352,289.24,279.90142857142854,339.6711,374.68274633880526
Los Angeles,2014-11-05,20.04,2,11,0,45,573.728,6.28,281.8671428571428,324.45057142857144,371.79666038529336
Los Angeles,2014-11-11,112.648,1,11,0,46,20.04,145.568,277.1642857142857,314.8231818181818,365.6355430298418
Los Angeles,2014-11-12,629.064,2,11,0,46,112.648,204.6,337.802,328.48582608695654,363.18854908856815
Los Angeles,2014-11-15,10.11,5,11,0,46,629.064,265.784,301.27714285714285,315.22016666666667,361.1015748655852
Los Angeles,2014-11-16,305.9745,6,11,0,46,10.11,616.998,256.84521428571423,314.85034,353.5034212810252
Los Angeles,2014-11-23,985.36,6,11,0,47,305.9745,146.352,376.7035,340.6391730769231,370.4831221544361
Los Angeles,2014-11-25,725.344,1,11,0,48,985.36,573.728,398.3629285714286,354.8875,370.75598437763205
Los Angeles,2014-12-16,286.028,1,12,0,51,725.344,20.04,436.36121428571425,352.42823214285715,364.05800746242204
Los Angeles,2014-12-24,316.262,2,12,0,52,286.028,112.648,465.4489285714286,363.0340178571429,358.2734496469629
Los Angeles,2015-01-13,542.45,1,1,0,3,316.262,629.064,453.07550000000003,377.94044642857136,356.68524994104575
Los Angeles,2015-01-27,2803.92,1,1,0,5,542.45,10.11,852.1912142857143,471.37473214285717,578.626313058438
Los Angeles,2015-01-30,227.36,4,1,0,5,2803.92,305.9745,840.9605714285715,477.3547321428572,575.0708161260644
Los Angeles,2015-02-03,136.92,1,2,0,6,227.36,985.36,719.7548571428572,474.02044642857146,576.8244026657433
Los Angeles,2015-02-09,203.92,0,2,0,7,136.92,725.344,645.2657142857144,471.32273214285715,577.9435998238749
Los Angeles,2015-03-01,184.752,6,3,0,9,203.92,286.028,630.7977142857143,469.6038750000001,578.7500210844509
Los Angeles,2015-03-16,43.13,0,3,0,12,184.752,316.262,591.7788571428572,452.7170178571428,584.2196152991975
Los Angeles,2015-04-05,892.224,6,4,0,14,43.13,542.45,641.7465714285715,421.9020178571428,533.540310912217
Los Angeles,2015-04-13,279.248,0,4,0,16,892.224,2803.92,281.07914285714287,415.88087499999995,534.1876624170093
Los Angeles,2015-06-19,12.56,4,6,0,25,279.248,227.36,250.39342857142856,403.7860178571429,539.5133119056622
Los Angeles,2015-08-01,1004.976,5,8,0,31,12.56,136.92,374.40142857142854,427.53001785714287,551.1136162930148
Los Angeles,2015-08-25,40.784,1,8,0,35,1004.976,203.92,351.0962857142857,418.65658928571435,555.4061438341857
Los Angeles,2015-08-28,311.826,4,8,0,35,40.784,184.752,369.2497142857143,429.56894642857145,549.9789787490255
Los Angeles,2015-09-10,106.68,3,9,0,37,311.826,43.13,378.3282857142857,428.18008928571425,550.7712573881864
Los Angeles,2015-09-14,170.136,0,9,0,38,106.68,892.224,275.17285714285714,426.94923214285717,551.3276460973543
Los Angeles,2015-09-18,24.4,4,9,0,38,170.136,279.248,238.766,418.328375,555.8100326867057
Los Angeles,2015-09-21,601.536,0,9,0,39,24.4,12.56,322.90542857142856,417.7761607142857,555.6129838553533
Los Angeles,2015-09-24,14.91,3,9,0,39,601.536,1004.976,181.46742857142857,413.0818035714286,558.5387451035919
Los Angeles,2015-10-03,120.666,5,10,0,40,14.91,40.784,192.87914285714285,396.90101785714285,560.2723612383548
Los Angeles,2015-10-20,439.536,1,10,0,43,120.666,311.826,211.12342857142858,411.8830178571429,555.4093196171644
Los Angeles,2015-11-02,1038.84,0,11,0,45,439.536,106.68,344.2891428571428,444.9613035714286,564.4349337732866
Los Angeles,2015-11-03,42.6,1,11,0,45,1038.84,170.136,326.06971428571427,424.0161607142858,568.2188119885562
Los Angeles,2015-11-07,190.72,5,11,0,45,42.6,24.4,349.8297142857142,430.46651785714283,564.358189508412
Los Angeles,2015-11-24,79.76,1,11,0,48,190.72,601.536,275.2902857142857,422.3874285714286,567.8149697247451
Los Angeles,2015-12-04,36.4,4,12,0,49,79.76,14.91,278.3602857142857,388.496,561.2505957945201
Los Angeles,2015-12-07,79.92,0,12,0,50,36.4,120.666,272.5394285714286,365.44514285714286,560.1565667641645
Los Angeles,2015-12-14,288.808,0,12,0,51,79.92,439.536,251.00685714285711,365.54442857142857,560.1422152048749
Los Angeles,2016-01-23,59.99,5,1,0,3,288.808,1038.84,111.17114285714285,356.39185714285713,563.0633915085974
Los Angeles,2016-04-08,24.7,4,4,0,14,59.99,42.6,108.614,337.90078571428575,565.2242570507914
Los Angeles,2016-04-09,556.665,5,4,0,14,24.7,190.72,160.89185714285713,257.64167857142854,298.8969088279317
Los Angeles,2016-04-12,832.64,1,4,0,15,556.665,79.76,268.4461428571429,279.2588214285714,317.9089342147521
Los Angeles,2016-04-14,383.8,3,4,0,15,832.64,36.4,318.0747142857143,288.0759642857143,317.2378581833771
Los Angeles,2016-04-28,41.568,3,4,0,17,383.8,79.92,312.59585714285714,282.27767857142857,320.3018698155497
Los Angeles,2016-05-16,282.84,0,5,0,20,41.568,288.808,311.7432857142857,285.7808214285714,319.73161272508196
Los Angeles,2016-05-30,167.84,0,5,0,22,282.84,59.99,327.1504285714286,290.23474999999996,317.08389937360784
Los Angeles,2016-06-03,71.088,4,6,0,22,167.84,24.7,333.7772857142857,260.9084642857143,296.6599719286416
Los Angeles,2016-06-10,1335.68,4,6,0,23,71.088,556.665,445.06514285714286,298.63817857142857,359.5847084766345
Los Angeles,2016-06-11,902.712,5,6,0,23,1335.68,832.64,455.07542857142863,330.4293214285714,372.47405564534677
Los Angeles,2016-06-14,599.165,1,6,0,24,902.712,383.8,485.8418571428571,315.9360714285714,352.6209285909801
Los Angeles,2016-06-17,239.666,4,6,0,24,599.165,41.568,514.1415714285715,323.03900000000004,348.85616463554464
Los Angeles,2016-07-02,195.184,5,7,0,26,239.666,282.84,501.6192857142857,318.87321428571425,349.69045048827564
Los Angeles,2016-07-07,287.968,3,7,0,27,195.184,167.84,518.7804285714285,325.34778571428575,347.2861724950314
Los Angeles,2016-08-02,136.464,1,8,0,31,287.968,71.088,528.1198571428572,324.1452142857143,347.90129530726233
Los Angeles,2016-08-08,513.024,0,8,0,32,136.464,1335.68,410.5975714285714,341.59607142857146,344.54771744192294
Los Angeles,2016-08-15,312.03,0,8,0,33,513.024,902.712,326.2144285714286,331.2565714285715,340.7815928060657
Los Angeles,2016-08-16,161.28,1,8,0,33,312.03,599.165,263.6594285714286,336.48407142857144,336.8491403340263
Los Angeles,2016-08-21,2887.056,6,8,0,33,161.28,239.666,641.8580000000001,435.28371428571427,585.2868764511257
Los Angeles,2016-08-30,47.04,1,8,0,35,2887.056,195.184,620.6945714285714,421.266,589.8635388988679
Los Angeles,2016-09-02,663.4079999999999,4,9,0,35,47.04,287.968,674.3288571428571,407.8577142857143,579.4810595207134
Los Angeles,2016-09-24,563.24,5,9,0,38,663.4079999999999,136.464,735.2968571428571,426.45199999999994,575.6672001291357
Los Angeles,2016-10-21,262.096,4,10,0,42,563.24,513.024,699.4499999999999,429.00114285714284,574.7419696251923
Los Angeles,2016-11-03,217.584,3,11,0,44,262.096,312.03,685.9577142857142,433.9234285714286,572.2248450156782
Los Angeles,2016-11-06,319.98400000000004,6,11,0,44,217.584,161.28,708.6297142857144,444.0514285714286,567.4177883412766
Los Angeles,2016-11-10,467.46,3,11,0,45,319.98400000000004,2887.056,362.97314285714276,457.89214285714286,562.9154265052027
Los Angeles,2016-11-24,1694.692,3,11,0,47,467.46,47.04,598.352,508.10228571428576,608.1571066669129
Los Angeles,2016-11-25,194.352,4,11,0,47,1694.692,663.4079999999999,531.3439999999999,512.9009285714285,605.0122942871386
Los Angeles,2016-11-26,4002.044,5,11,0,47,194.352,563.24,1022.6017142857143,654.9489285714286,887.232111351758
Los Angeles,2016-12-03,111.9,5,12,0,48,4002.044,262.096,1001.1451428571427,639.0644642857143,893.0194240892537
Los Angeles,2016-12-15,14.76,3,12,0,50,111.9,217.584,972.1702857142856,609.8544642857142,899.8035583952212
Los Angeles,2016-12-18,183.84,6,12,0,50,14.76,319.98400000000004,952.7211428571427,602.7130357142858,902.4537267878586
Los Angeles,2016-12-26,1049.064,0,12,0,52,183.84,467.46,1035.8074285714285,638.6950357142858,899.3311793475351
Los Angeles,2017-01-01,474.43,6,1,0,52,1049.064,1694.692,861.4842857142855,645.5375357142857,897.2498441203742
Los Angeles,2017-01-16,427.592,0,1,0,3,474.43,194.352,894.8042857142856,654.8143928571428,893.4627243278998
Los Angeles,2017-02-02,86.26,3,2,0,5,427.592,4002.044,335.40657142857134,655.35625,893.1001281112979
Los Angeles,2017-02-09,21.12,3,2,0,6,86.26,111.9,322.43799999999993,608.4076785714286,890.5605839689904
Los Angeles,2017-02-19,44.67,6,2,0,7,21.12,14.76,326.7108571428571,577.7633214285714,894.810990626804
Los Angeles,2017-02-26,892.224,6,2,0,8,44.67,183.84,427.9085714285714,588.2297142857143,896.7823419283978
Los Angeles,2017-03-03,570.024,4,3,0,9,892.224,1049.064,359.47428571428566,600.0282142857143,894.1960679375991
Los Angeles,2017-04-02,25.11,6,4,0,13,570.024,474.43,295.2857142857142,593.9541428571428,897.6190210435816
Los Angeles,2017-04-17,218.352,0,4,0,16,25.11,427.592,265.3942857142857,591.467857142857,898.5938367329798
Los Angeles,2017-04-25,344.981,1,4,0,17,218.352,86.26,302.3544285714285,598.9148928571428,895.5422168714672
Los Angeles,2017-05-23,171.288,1,5,0,21,344.981,21.12,323.80699999999996,586.7100357142857,899.077818786869
Los Angeles,2017-06-08,1497.666,3,6,0,23,171.288,44.67,531.3778571428571,629.0541785714286,913.4669784828143
Los Angeles,2017-06-10,514.165,5,6,0,23,1497.666,892.224,477.3694285714285,641.6572142857143,909.1984927717361
Los Angeles,2017-06-18,917.9235,6,6,0,24,514.165,570.024,527.069357142857,571.3310535714286,798.5022346277589
Los Angeles,2017-06-30,435.999,4,6,1,26,917.9235,25.11,585.7677857142855,585.2224464285713,792.403460147335
Los Angeles,2017-07-06,122.136,3,7,0,27,435.999,218.352,572.0226428571428,565.8913035714286,797.014341809845
Louisville,2017-05-05,89.991,4,5,0,18,13.28,603.92,149.0152857142857,205.87837499999998,209.40457432439754
Miami,2017-07-06,239.24,3,7,0,27,273.552,25.248,221.3135,196.8053125,134.24302856092683
Milwaukee,2017-03-25,1986.52,5,3,0,12,754.45,34.79,923.1728571428572,812.125,674.8910283255258
New York City,2014-09-19,887.103,4,9,0,38,14.56,3265.23,873.6121428571429,1172.564375,1480.2608355633947
New York City,2014-09-20,1433.35,5,9,0,38,887.103,366.786,1025.9784285714286,1201.5405555555556,1387.3832185075173
New York City,2014-09-22,676.9680000000001,0,9,0,39,1433.35,424.48799999999994,1062.047,1149.0833,1318.5141590866633
New York City,2014-09-29,117.36,0,9,0,40,676.9680000000001,172.764,1054.132142857143,1055.2902727272726,1288.9530947849182
New York City,2014-09-30,15.24,1,9,1,40,117.36,3785.292,515.5532857142857,968.6194166666666,1265.1109663106063
New York City,2014-10-04,589.41,5,10,0,40,15.24,464.292,533.4272857142857,939.4494615384616,1215.8091128919468
New York City,2014-11-02,89.34,6,11,0,44,589.41,14.56,544.1101428571429,878.727357142857,1190.002173528048
New York City,2014-11-04,135.882,1,11,0,45,89.34,887.103,436.79285714285714,829.2043333333334,1162.6447229527826
New York City,2014-11-09,56.52,6,11,0,45,135.882,1433.35,240.10285714285715,780.9115625,1139.7112071889655
New York City,2014-11-14,69.264,4,11,0,46,56.52,676.9680000000001,153.288,739.0499411764706,1116.937108494614
New York City,2014-11-25,275.952,1,11,0,48,69.264,117.36,175.944,713.3222777777778,1089.07195636759
New York City,2014-12-02,883.92,1,12,0,49,275.952,15.24,300.04114285714286,722.3011052631579,1059.111083246433
New York City,2014-12-20,192.186,5,12,0,51,883.92,589.41,243.29485714285715,695.79535,1037.655862316205
New York City,2014-12-23,53.316,1,12,0,52,192.186,89.34,238.14857142857142,665.2010952380953,1021.0530745668369
New York City,2014-12-27,767.214,5,12,0,52,53.316,135.882,328.33885714285714,669.8380454545454,996.6830996963057
New York City,2015-01-10,1018.104,5,1,0,2,767.214,56.52,465.708,684.9800434782609,976.4717786343424
New York City,2015-03-05,383.607,3,3,0,10,1018.104,69.264,510.61414285714284,672.4228333333333,956.9875349018133
New York City,2015-04-04,108.4,5,4,0,14,383.607,275.952,486.67814285714286,649.86192,943.6051246699597
New York City,2015-04-16,127.764,3,4,0,16,108.4,883.92,378.65585714285714,629.7812307692308,930.1930402506915
New York City,2015-05-04,26.8,0,5,0,19,127.764,192.186,355.0292857142858,607.4485925925926,919.4814070625421
New York City,2015-05-08,207.204,4,5,0,19,26.8,53.316,377.0132857142857,593.1541428571428,905.4581808034563
New York City,2015-06-04,35.28,3,6,0,23,207.204,767.214,272.45128571428575,477.7987857142857,743.7321825093859
New York City,2015-06-29,117.882,0,6,0,27,35.28,1018.104,143.84814285714285,468.9093571428571,746.590217832911
New York City,2015-07-06,169.78,0,7,0,28,117.882,383.607,113.30142857142856,459.8126428571428,748.700252790088
New York City,2015-07-13,1931.04,0,7,0,29,169.78,108.4,373.67857142857144,522.6082142857143,795.9761516329008
New York City,2015-07-18,7.38,5,7,0,29,1931.04,127.764,356.48085714285713,387.6827857142857,479.8620615333008
New York City,2015-07-23,128.82,3,7,0,30,7.38,26.8,371.05514285714287,375.7016428571428,482.0614215064618
New York City,2015-07-31,1090.782,4,7,1,31,128.82,207.204,497.2805714285714,414.1381428571429,494.9334861744491
New York City,2015-08-09,446.0259999999999,6,8,0,32,1090.782,35.28,555.9585714285714,398.3853928571429,486.26582078509574
New York City,2015-08-24,299.274,0,8,0,35,446.0259999999999,117.882,581.8717142857142,357.8826785714286,442.0913380769528
New York City,2015-09-06,271.764,6,9,0,36,299.274,169.78,596.4408571428572,343.4111071428571,437.87133778680953
New York City,2015-09-07,508.59,0,9,0,37,271.764,1931.04,393.23371428571426,357.38360714285716,436.6312042733664
New York City,2015-09-11,210.68,4,9,0,37,508.59,7.38,422.2765714285714,364.3636071428572,432.5017388087794
New York City,2015-09-15,46.384,1,9,0,38,210.68,128.82,410.5,344.96982142857144,434.2082271300387
New York City,2015-09-17,6776.608,3,9,0,38,46.384,1090.782,1222.7608571428573,583.8008214285715,1288.0359629849038
New York City,2015-10-12,1525.4879999999998,0,10,0,42,6776.608,446.0259999999999,1376.9697142857144,633.4296071428571,1296.8789935519512
New York City,2015-11-01,792.428,6,11,0,44,1525.4879999999998,299.274,1447.420285714286,659.7120357142857,1292.2028663460985
New York City,2015-11-02,2621.322,0,11,0,45,792.428,271.764,1783.0714285714287,750.8569642857143,1338.1989044898144
New York City,2015-11-08,589.5840000000001,6,11,0,45,2621.322,508.59,1794.6419999999998,762.058107142857,1335.386218546539
New York City,2015-11-20,186.048,4,11,0,47,589.5840000000001,210.68,1791.1231428571427,737.1341071428571,1339.533709408706
New York City,2015-11-28,68.16,5,11,0,48,186.048,46.384,1794.234,732.7046071428571,1341.6059147973963
New York City,2015-11-30,681.408,0,11,1,49,68.16,6776.608,923.4911428571429,755.1364642857143,1335.0606425274243
New York City,2015-12-04,384.174,4,12,0,49,681.408,1525.4879999999998,760.4462857142859,741.4564642857142,1336.8934985551664
New York City,2015-12-05,164.646,5,12,0,49,384.174,792.428,670.7631428571428,710.9758214285714,1340.077894628408
New York City,2015-12-06,113.92,6,12,0,49,164.646,2621.322,312.5628571428571,701.3441428571429,1343.4828203190477
New York City,2015-12-25,449.568,4,12,0,52,113.92,589.5840000000001,292.56057142857145,713.5287142857143,1339.4470372756189
New York City,2016-01-25,359.702,0,1,0,4,449.568,186.048,317.3682857142857,721.8122142857143,1336.4040703238577
New York City,2016-02-16,326.646,1,2,0,7,359.702,68.16,354.2948571428572,732.521,1331.8220745106778
New York City,2016-02-19,44.46,4,2,0,7,326.646,681.408,263.3022857142857,726.7087142857142,1334.5518751939794
New York City,2016-02-21,135.8,6,2,0,7,44.46,384.174,227.82028571428572,730.2987142857144,1332.7570098836986
New York City,2016-03-08,113.6,1,3,0,10,135.8,164.646,220.528,730.1457857142857,1332.83012861475
New York City,2016-03-29,414.0,1,3,0,13,113.6,113.92,263.3965714285714,738.8679285714286,1329.8229389153007
New York City,2016-03-31,327.996,3,3,1,13,414.0,449.568,246.02914285714286,681.616357142857,1310.9700822233724
New York City,2016-04-01,1317.492,4,4,0,13,327.996,359.702,382.85628571428566,728.4060714285714,1309.393306315051
New York City,2016-04-07,658.746,3,4,0,14,1317.492,326.646,430.29914285714284,747.332,1304.2254996128145
New York City,2016-04-08,388.704,4,4,0,14,658.746,44.46,479.47685714285717,722.2577857142857,1304.1268434012864
New York City,2016-04-26,434.646,1,4,0,17,388.704,135.8,522.1691428571429,721.8513571428572,1304.2178890053212
New York City,2016-05-02,227.26,0,5,0,18,434.646,113.6,538.4062857142857,719.2794285714286,1305.1527500636741
New York City,2016-05-07,506.444,5,5,0,18,227.26,414.0,551.6125714285714,727.6608571428571,1302.9240879816416
New York City,2016-05-12,10.02,3,5,0,19,506.444,327.996,506.18742857142854,709.8547857142858,1309.419444731628
New York City,2016-05-19,75.68,3,5,0,20,10.02,1317.492,328.7857142857143,705.0333571428572,1311.5723094650828
New York City,2016-06-04,197.904,5,6,0,22,75.68,658.746,262.9511428571429,710.4447857142857,1309.0643136926112
New York City,2016-06-21,353.568,1,6,0,25,197.904,388.704,257.9317142857143,481.0505,548.5384423636168
New York City,2016-06-26,37.74,6,6,0,25,353.568,434.646,201.23085714285713,427.9166428571429,514.6294651413956
New York City,2016-07-09,573.286,5,7,0,27,37.74,227.26,250.66314285714284,420.0901428571429,510.53068751757064
New York City,2016-07-14,579.136,3,7,0,28,573.286,506.444,261.0477142857143,347.15492857142857,276.7703527579711
New York City,2016-07-24,253.764,6,7,0,29,579.136,10.02,295.8682857142857,335.1613571428571,273.1280862311883
New York City,2016-08-12,354.91200000000003,4,8,0,32,253.764,75.68,335.75857142857143,341.19221428571433,271.57350755391593
New York City,2016-08-21,573.174,6,8,0,33,354.91200000000003,197.904,389.36857142857144,359.22842857142854,269.53107484438925
New York City,2016-09-01,191.82,3,9,0,35,573.174,353.568,366.2617142857143,341.7431428571428,263.67308096787053
New York City,2016-09-02,39.98,4,9,0,35,191.82,37.74,366.5817142857143,329.45050000000003,269.57881351285613
New York City,2016-09-04,63.94,6,9,0,35,39.98,573.286,293.8179999999999,325.8538571428571,272.5148306966205
New York City,2016-09-06,722.352,1,9,0,36,63.94,579.136,314.2774285714286,347.5835714285714,279.1661362252233
New York City,2016-09-30,523.92,4,9,1,39,722.352,253.764,352.87114285714284,350.23900000000003,280.5224642452392
New York City,2016-10-01,330.588,5,10,0,39,523.92,354.91200000000003,349.3962857142857,349.1992142857143,280.54004603942644
New York City,2016-10-03,599.292,0,10,0,40,330.588,573.174,353.12742857142854,358.9365714285714,284.4329168567883
New York City,2016-10-13,82.26,3,10,0,41,599.292,191.82,337.476,360.2865714285714,282.97098754406016
New York City,2016-10-16,142.182,6,10,0,41,82.26,39.98,352.0762857142857,360.51450000000006,282.78597999854946
New York City,2016-10-27,427.644,3,10,0,43,142.182,63.94,404.03400000000005,371.73035714285714,278.8302888776087
New York City,2016-11-11,245.646,4,11,0,45,427.644,722.352,335.93314285714285,365.7177142857143,279.6988592128178
New York City,2016-11-14,408.006,0,11,0,46,245.646,523.92,319.37399999999997,368.57521428571425,279.7079126397482
New York City,2016-11-21,113.568,0,11,0,47,408.006,330.588,288.3711428571429,325.5779285714286,213.02113367073312
New York City,2016-11-22,39.88,1,11,0,47,113.568,599.292,208.45514285714285,303.4755714285714,209.244676621948
New York City,2016-11-26,313.176,5,11,0,47,39.88,82.26,241.44314285714285,300.7781428571429,208.59108665373384
New York City,2016-12-04,113.79,6,12,0,48,313.176,142.182,237.38714285714283,289.319,209.77445968715134
New York City,2016-12-12,60.35,0,12,0,50,113.79,427.644,184.91657142857142,283.35792857142854,213.933553836997
New York City,2016-12-14,396.92,2,12,0,50,60.35,245.646,206.52714285714288,279.44635714285715,210.68009848182484
New York City,2016-12-24,799.56,5,12,0,51,396.92,408.006,262.4634285714286,307.6442142857143,225.59297242753902
New York City,2016-12-25,3742.878,6,12,0,51,799.56,113.568,780.9362857142858,438.61557142857146,684.2355825479247
New York City,2017-01-20,207.846,4,1,0,3,3742.878,39.88,804.9314285714287,438.9706428571429,684.108611146906
New York City,2017-02-06,240.784,0,2,0,6,207.846,313.176,794.5897142857144,434.94264285714286,684.9615836719499
New York City,2017-03-06,71.97,0,3,0,10,240.784,113.79,788.6154285714287,436.1651428571428,684.2565950822892
New York City,2017-03-24,479.61,4,3,0,12,71.97,60.35,848.5097142857143,432.81957142857146,683.7901806209173
New York City,2017-03-26,257.568,6,3,0,12,479.61,396.92,828.6022857142858,421.335,683.9421365339805
New York City,2017-03-31,29.78,4,3,1,13,257.568,799.56,718.6337142857144,413.3355714285714,687.276384627375
New York City,2017-04-14,242.352,4,4,0,15,29.78,3742.878,218.55857142857144,409.31557142857145,687.959622959103
New York City,2017-05-18,14.56,3,5,0,20,242.352,207.846,190.94628571428572,389.3650714285714,691.1243042010079
New York City,2017-05-25,18.84,3,5,0,21,14.56,240.784,159.24,383.1872142857143,693.7237637809953
New York City,2017-06-03,384.768,5,6,0,22,18.84,71.97,203.92542857142857,395.50107142857144,690.458448571453
New York City,2017-06-12,858.24,0,6,0,24,384.768,479.61,258.0154285714286,423.86892857142857,692.6452101130756
New York City,2017-06-24,449.454,5,6,0,25,858.24,257.568,285.4277142857143,414.12257142857146,690.2053409454223
New York City,2017-06-25,400.784,6,6,0,25,449.454,29.78,338.4282857142857,409.72485714285716,689.8720511348573
New York City,2017-06-30,1066.86,4,6,1,26,400.784,242.352,456.2151428571429,436.02028571428576,700.6910988798104
Newark,2016-05-03,51.968,1,5,0,18,262.864,10.68,217.286,191.46025,138.93566960879002
Newark,2016-11-14,19.92,0,11,0,46,51.968,93.888,206.71914285714288,172.40022222222223,141.98518297147928
Newark,2016-12-05,13.4,0,12,0,49,19.92,124.41,190.8605714285714,156.5002,142.9962319113495
Newark,2017-03-02,441.96,3,3,0,9,13.4,291.1,212.412,182.4510909090909,160.6582280354508
Newark,2017-06-19,798.9,0,6,0,25,441.96,299.97,283.6877142857143,233.82183333333333,234.80213754402328
Pasadena,2017-04-23,90.5,6,4,0,16,383.64,433.568,344.7577142857143,355.859,294.64674695157055
Philadelphia,2014-07-14,31.984,0,7,0,29,241.194,61.96,305.3514285714286,274.9275,401.79605232719035
Philadelphia,2014-08-16,853.092,5,8,0,33,31.984,127.104,409.06399999999996,339.16799999999995,422.37617803298286
Philadelphia,2014-09-07,42.368,6,9,0,36,853.092,154.764,393.00742857142853,309.488,409.13109854340496
Philadelphia,2014-09-09,17.472,1,9,0,37,42.368,349.965,345.5084285714286,282.9410909090909,397.9969251399952
Philadelphia,2014-09-15,103.936,0,9,0,38,17.472,3.984,359.7872857142857,268.024,382.97734463803477
Philadelphia,2014-09-26,21.184,4,9,0,39,103.936,1228.465,187.31857142857143,249.03630769230767,373.0092911261025
Philadelphia,2014-09-29,476.448,0,9,0,40,21.184,241.194,220.9262857142857,265.28000000000003,363.4930162738291
Philadelphia,2014-10-07,129.92,1,10,0,41,476.448,31.984,234.91714285714286,256.25600000000003,352.0099520100857
Philadelphia,2014-11-05,273.568,2,11,0,45,129.92,853.092,152.128,257.33799999999997,340.10146154326753
Philadelphia,2014-11-17,657.93,0,11,0,47,273.568,42.368,240.06542857142855,280.90223529411765,343.3356018967683
Philadelphia,2014-11-18,60.312,1,11,0,47,657.93,17.472,246.18542857142853,268.6472222222222,337.118070097556
Philadelphia,2014-12-15,445.802,0,12,0,51,60.312,103.936,295.02342857142855,277.97115789473685,330.13112880461154
Philadelphia,2014-12-30,523.764,1,12,0,1,445.802,21.184,366.82057142857144,290.2608,325.9925358261734
Philadelphia,2015-04-05,907.17,6,4,0,14,523.764,476.448,428.35228571428576,319.63742857142853,345.0801199350046
Philadelphia,2015-05-03,844.116,6,5,0,18,907.17,129.92,530.3802857142857,343.47736363636363,354.8426895111135
Philadelphia,2015-06-12,43.296,4,6,0,24,844.116,273.568,497.4842857142857,330.426,352.289337130588
Philadelphia,2015-06-14,51.072,6,6,0,24,43.296,657.93,410.79028571428574,318.78625,349.23258363249903
Philadelphia,2015-07-03,451.352,4,7,0,27,51.072,60.312,466.6531428571429,324.08888,342.90601681161854
Philadelphia,2015-07-11,656.6320000000001,5,7,0,28,451.352,445.802,496.77171428571427,336.87899999999996,342.24906328719146
Philadelphia,2015-08-16,555.822,6,8,0,33,656.6320000000001,523.764,501.3514285714286,344.988,338.23757930950524
Philadelphia,2015-09-17,3207.6299999999997,3,9,0,38,555.822,907.17,829.9885714285714,447.2252142857143,634.6936221537862
Philadelphia,2015-10-04,64.944,6,10,0,40,3207.6299999999997,844.116,718.6782857142856,447.33178571428573,634.6267833383624
Philadelphia,2015-11-20,344.372,4,11,0,47,64.944,43.296,761.6891428571429,455.09135714285713,631.8887073154818
Philadelphia,2015-11-21,1252.704,5,11,0,47,344.372,51.072,933.3508571428572,494.3035,646.460074793515
Philadelphia,2015-12-03,2.96,3,12,0,49,1252.704,451.352,869.2948571428572,481.9104642857143,652.6263564673231
Philadelphia,2015-12-22,422.625,1,12,0,52,2.96,656.6320000000001,835.8652857142857,496.86192857142856,646.0338575079385
Philadelphia,2015-12-25,547.136,4,12,0,52,422.625,555.822,834.6244285714284,472.52875,630.0916642359284
Philadelphia,2016-03-11,30.336,4,3,0,10,547.136,3207.6299999999997,380.7252857142857,464.9981071428571,634.2055225203296
Philadelphia,2016-03-13,386.68,6,3,0,10,30.336,64.944,426.68757142857146,477.6658214285714,628.755052429685
Philadelphia,2016-06-14,337.176,1,6,0,24,386.68,344.372,425.6595714285714,459.24024999999995,624.8933318772997
Philadelphia,2016-08-01,19.312,0,8,0,31,337.176,1252.704,249.46071428571426,458.41682142857144,625.4779110712096
Philadelphia,2016-08-21,815.292,6,8,0,33,19.312,2.96,365.50814285714284,486.91039285714277,622.8133743956524
Philadelphia,2016-08-29,405.7999999999999,0,8,0,35,815.292,422.625,363.10457142857143,497.69124999999997,618.5365236495666
Philadelphia,2016-08-30,786.744,1,8,0,35,405.7999999999999,547.136,397.3342857142857,525.0326785714285,613.5935881501428
Philadelphia,2016-09-05,1099.565,0,9,0,36,786.744,30.336,550.0812857142857,547.2868571428571,622.9940083148481
Philadelphia,2016-09-19,25.632,0,9,0,38,1099.565,386.68,498.503,543.5622857142856,625.8866805826788
Philadelphia,2016-10-09,332.832,6,10,0,40,25.632,337.176,497.8824285714286,545.6788571428572,625.0394535589238
Philadelphia,2016-10-31,492.835,0,10,1,44,332.832,19.312,565.5285714285714,539.7826071428572,624.7199465127073
Philadelphia,2016-11-03,470.155,3,11,0,44,492.835,815.292,516.2232857142857,554.4198571428572,617.8331993083038
Philadelphia,2016-11-14,428.634,0,11,0,46,470.155,405.7999999999999,519.4852857142857,553.8067142857143,617.9534920488132
Philadelphia,2016-11-23,84.81599999999999,2,11,0,47,428.634,786.744,419.2098571428572,538.13,624.2792720877175
Philadelphia,2016-11-28,347.802,0,11,0,48,84.81599999999999,1099.565,311.81514285714286,518.1525714285714,620.9736664600573
Philadelphia,2017-01-19,919.239,3,1,0,3,347.802,25.632,439.47328571428574,520.8355357142857,622.5943499489905
Philadelphia,2017-03-11,154.764,5,3,0,10,919.239,332.832,414.03499999999997,524.8165357142857,619.7777729234581
Philadelphia,2017-03-27,15.008,0,3,0,13,154.764,492.835,345.774,523.5285357142858,620.8353267202887
Philadelphia,2017-04-03,25.472,0,4,0,14,15.008,470.155,282.24785714285713,508.3185357142857,627.846371986986
Philadelphia,2017-04-10,36.672,0,4,0,15,25.472,428.634,226.2532857142857,486.17710714285715,633.3299875634045
Philadelphia,2017-04-17,60.312,0,4,0,16,36.672,84.81599999999999,222.7527142857143,468.4803214285715,638.2158963357411
Philadelphia,2017-04-20,94.376,3,4,0,16,60.312,347.802,186.549,357.29267857142855,348.99246658961044
Philadelphia,2017-04-22,254.352,5,4,0,16,94.376,919.239,91.56514285714286,364.05724999999995,344.9279471929073
Philadelphia,2017-05-03,405.918,2,5,0,18,254.352,154.764,127.44428571428571,366.2553214285714,344.9939520240743
Philadelphia,2017-05-08,128.058,0,5,0,19,405.918,15.008,143.59428571428572,326.08939285714285,300.5757795919101
Philadelphia,2017-05-13,458.43,5,5,0,19,128.058,25.472,205.44542857142855,342.3561785714286,294.7082034178585
Philadelphia,2017-07-07,87.21,4,7,0,27,458.43,36.672,212.66514285714285,330.3770714285714,298.1217434571332
Phoenix,2016-12-25,83.41300000000001,6,12,0,51,169.568,46.872,318.56800000000004,284.606,425.8166608466271
Phoenix,2017-05-11,209.979,3,5,0,19,83.41300000000001,87.96,335.99928571428575,276.3141111111111,399.09102829412376
Richmond,2016-12-03,611.94,5,12,0,48,17.31,20.32,287.23,253.86625,323.5487032862507
Richmond,2017-01-14,18.96,5,1,0,2,611.94,332.94,242.3757142857143,227.76555555555555,312.6171927898045
Richmond,2017-03-27,292.1,0,3,0,13,18.96,70.98,273.9642857142857,234.199,295.43961640804594
San Antonio,2016-03-03,637.896,3,3,0,9,206.962,127.869,535.9537142857142,484.943125,593.4198586299676
San Antonio,2016-03-13,557.585,6,3,0,10,637.896,897.862,487.34271428571435,493.01444444444445,555.6213218708654
San Diego,2014-09-27,603.92,5,9,0,39,585.552,333.0,455.6747142857143,440.340375,200.21300534604745
San Diego,2014-11-04,35.34,1,11,0,45,603.92,626.352,371.2444285714286,395.3403333333333,230.8671161534271
San Diego,2014-11-10,93.08,0,11,0,46,35.34,567.12,303.52442857142853,365.1143,237.72584133925272
San Diego,2014-11-24,151.72,0,11,0,48,93.08,43.02,319.053,345.71481818181815,234.52496012016212
San Diego,2014-12-15,6.16,0,12,0,51,151.72,327.76,273.1101428571429,317.41858333333334,244.15139134727576
San Diego,2014-12-21,1897.92,6,12,0,51,6.16,435.999,481.956,438.9956153846154,496.78474358947096
San Diego,2014-12-26,3.48,4,12,0,52,1897.92,585.552,398.80285714285714,407.8873571428571,491.28299040301016
San Diego,2015-03-22,91.96,6,3,0,12,3.48,603.92,325.6657142857143,386.82553333333334,480.38844291660274
San Diego,2015-03-29,19.92,6,3,0,13,91.96,35.34,323.46285714285716,363.8939375,473.07707097406006
San Diego,2015-04-26,63.936,6,4,0,17,19.92,93.08,319.29942857142856,346.2493529411764,463.7962144963213
San Diego,2015-09-05,704.531,5,9,0,36,63.936,151.72,398.2724285714286,366.1538888888889,457.8045541105286
San Diego,2015-10-23,1275.1039999999998,4,10,0,43,704.531,6.16,579.5501428571428,413.9933684210526,491.35028070310835
San Diego,2015-11-02,609.4590000000001,0,11,0,45,1275.1039999999998,1897.92,395.4842857142857,423.76665,480.2383313313544
San Diego,2015-11-17,343.128,1,11,0,47,609.4590000000001,3.48,444.0054285714286,419.92671428571424,468.4090726790145
San Diego,2015-12-01,2676.672,1,12,0,49,343.128,91.96,813.25,522.5060454545454,663.6674816404657
San Diego,2015-12-05,44.46,5,12,0,49,2676.672,19.92,816.7557142857142,501.72143478260864,656.0258126352975
San Diego,2016-01-21,1167.056,3,1,0,3,44.46,63.936,974.3442857142857,529.4437083333333,655.8221712647999
San Diego,2016-02-05,557.728,4,2,0,5,1167.056,704.531,953.3724285714286,530.5750800000001,642.0387633847171
San Diego,2016-08-26,1603.136,4,8,0,34,557.728,1275.1039999999998,1000.2341428571428,571.8274230769231,663.3030029961977
San Diego,2016-09-18,1687.096,6,9,0,37,1603.136,609.4590000000001,1154.1822857142856,613.1336666666667,684.9207783431262
San Diego,2016-11-12,674.352,5,11,0,45,1687.096,343.128,1201.5,615.3200357142857,672.2169547881863
San Diego,2016-12-14,81.424,2,12,0,50,674.352,2676.672,830.7502857142857,606.3351785714285,677.7884004502386
San Diego,2016-12-18,39.92,6,12,0,50,81.424,44.46,830.1017142857144,585.3911785714284,686.1558341454628
San Diego,2017-02-02,210.58,3,2,0,5,39.92,1167.056,693.4622857142858,572.6576071428572,689.8060632396423
San Diego,2017-02-20,22.23,0,2,0,8,210.58,557.728,616.9625714285714,571.9151071428571,690.4082005394877
San Francisco,2014-07-22,888.072,1,7,0,30,1074.416,333.999,669.5938571428571,627.6445,402.83618605936726
San Francisco,2014-07-25,77.92,4,7,0,30,888.072,1198.33,509.53528571428575,566.564,419.01052017968476
San Francisco,2014-08-12,85.44,1,8,0,33,77.92,205.666,492.3601428571428,518.4516,423.3321261411134
San Francisco,2014-08-15,195.136,4,8,0,33,85.44,502.488,448.45271428571425,489.05927272727274,413.2699820316232
San Francisco,2014-09-06,41.88,5,9,0,36,195.136,119.833,437.3165714285714,451.7943333333333,414.64398463618124
San Francisco,2014-11-09,222.666,6,11,0,45,41.88,698.352,369.3614285714285,434.1690769230769,402.04553239806506
San Francisco,2014-11-28,411.332,4,11,0,48,222.666,1074.416,274.63514285714285,432.53785714285715,386.32107025969134
San Francisco,2014-12-01,58.2,0,12,0,49,411.332,888.072,156.08199999999997,407.582,384.61098253857193
San Francisco,2014-12-08,119.32,0,12,0,50,58.2,77.92,161.9962857142857,389.565625,378.4935098346029
San Francisco,2014-12-27,230.28,5,12,0,52,119.32,85.44,182.68771428571426,380.19588235294117,368.5053849523237
San Francisco,2014-12-29,95.46,0,12,0,1,230.28,195.136,168.4482857142857,364.3772222222222,363.747640572183
San Francisco,2015-03-06,435.26,4,3,0,10,95.46,41.88,224.64542857142854,368.1078947368421,353.8730006125698
San Francisco,2015-05-25,14.73,0,5,0,22,435.26,222.666,194.9402857142857,350.43899999999996,353.38230005045153
San Francisco,2015-06-20,257.64,5,6,0,25,14.73,411.332,172.98428571428573,346.02,345.02923973266377
San Francisco,2015-06-25,204.85,3,6,0,26,257.64,58.2,193.93428571428572,339.6031818181818,338.05653458494834
San Francisco,2015-07-16,2048.856,3,7,0,29,204.85,119.32,469.5822857142857,413.9185217391304,485.91283002181194
San Francisco,2015-07-30,5.28,3,7,0,31,2048.856,230.28,437.43942857142866,396.8919166666667,482.4969402506198
San Francisco,2015-08-08,144.784,5,8,0,32,5.28,95.46,444.4857142857143,386.80760000000004,475.02157427575503
San Francisco,2015-08-21,1130.406,4,8,0,34,144.784,435.26,543.7922857142858,415.4075384615384,487.73614246477416
San Francisco,2015-08-31,1552.831,0,8,1,36,1130.406,14.73,763.5210000000001,457.53433333333334,525.9782001431677
San Francisco,2015-09-03,129.568,3,9,0,36,1552.831,257.64,745.225,445.82125,519.8539738511778
San Francisco,2015-10-08,145.9,3,10,0,41,129.568,204.85,736.8035714285716,439.1034285714286,522.5608271024126
San Francisco,2015-10-20,16.02,1,10,0,43,145.9,2048.856,446.39842857142855,396.87807142857145,506.459615053284
San Francisco,2015-10-25,253.176,6,10,0,43,16.02,5.28,481.8121428571429,398.5748571428571,505.8745211179836
San Francisco,2015-11-20,32.04,4,11,0,47,253.176,144.784,465.70585714285716,381.77314285714283,510.0903829679101
San Francisco,2015-12-03,359.499,3,12,0,49,32.04,1130.406,355.5762857142857,390.33264285714284,507.5365867262375
San Francisco,2016-03-03,35.28,3,3,0,9,359.499,1552.831,138.7832857142857,366.6515,508.10124382781265
San Francisco,2016-03-12,770.352,5,3,0,10,35.28,129.568,230.32385714285715,355.7920714285715,495.5074892880159
San Francisco,2016-03-13,28.28,6,3,0,10,770.352,145.9,213.521,325.0852142857143,487.88234263360675
San Francisco,2016-03-15,1352.032,1,3,0,11,28.28,16.02,404.3798571428571,370.5892142857143,522.1869869414493
San Francisco,2016-04-15,1121.568,4,4,0,15,1352.032,253.176,528.4358571428571,407.59378571428573,537.7131729400086
San Francisco,2016-04-22,31.56,4,4,0,16,1121.568,32.04,528.3672857142857,401.7517857142857,540.9855481000056
San Francisco,2016-05-05,71.088,3,5,0,18,31.56,359.499,487.1657142857143,402.7949285714286,540.2936504979168
San Francisco,2016-05-23,37.05,0,5,0,21,71.088,35.28,487.4185714285714,396.16578571428573,543.7134874461376
San Francisco,2016-06-09,122.352,3,6,0,23,37.05,770.352,394.84714285714284,385.84507142857143,546.1521670611133
San Francisco,2016-06-14,8.73,1,6,0,24,122.352,28.28,392.05428571428575,384.07828571428576,547.330092025445
San Francisco,2016-06-26,22.14,6,6,0,25,8.73,1352.032,202.0697142857143,380.6075714285715,549.3754463693415
San Francisco,2016-07-04,1304.565,0,7,0,27,22.14,1121.568,228.21214285714288,418.9748928571429,575.3853073654428
San Francisco,2016-07-14,30.8,3,7,0,28,1304.565,31.56,228.10357142857146,416.66560714285714,576.8596769256504
San Francisco,2016-07-31,863.128,6,7,1,30,30.8,71.088,341.2521428571429,431.9466071428572,583.0048602547132
San Francisco,2016-09-04,24.27,6,9,0,35,863.128,37.05,339.4264285714286,432.28732142857143,582.7547377978627
San Francisco,2016-09-24,63.2,5,9,0,38,24.27,122.352,330.97614285714286,425.3430357142857,586.0620873612776
San Francisco,2016-09-25,477.666,6,9,0,38,63.2,8.73,397.96700000000004,435.08646428571427,584.5263719654971
San Francisco,2016-10-01,194.848,5,10,0,39,477.666,22.14,422.63957142857146,368.8718928571429,492.7556380083214
San Francisco,2016-10-31,1403.92,0,10,1,44,194.848,1304.565,436.8331428571429,418.82332142857143,524.4072724865841
San Francisco,2016-11-04,38.29,4,11,0,44,1403.92,30.8,437.9031428571429,415.01996428571425,526.8489025470893
San Francisco,2016-11-07,14.82,0,11,0,45,38.29,863.128,316.71628571428573,375.17760714285714,512.7384338074904
San Francisco,2016-11-11,500.072,4,11,0,45,14.82,24.27,384.68800000000005,337.5790714285714,458.9629146395588
San Francisco,2016-12-01,16.74,3,12,0,48,500.072,63.2,378.0508571428571,333.54949999999997,461.34594936277944
San Francisco,2016-12-08,1421.664,3,12,0,49,16.74,477.666,512.9077142857143,379.1125,503.22425197516344
San Francisco,2016-12-10,321.568,5,12,0,49,1421.664,194.848,531.0105714285716,390.0249285714286,498.3482504326205
San Francisco,2016-12-17,2003.52,5,12,0,50,321.568,1403.92,616.6677142857143,452.53721428571424,583.1173294425182
San Francisco,2017-01-30,120.784,0,1,0,5,2003.52,38.29,628.4525714285716,455.70664285714287,580.9844186536434
San Francisco,2017-03-23,211.84,3,3,0,12,120.784,14.82,656.5982857142857,450.43310714285707,582.5580403873513
San Francisco,2017-04-01,482.664,5,4,0,13,211.84,500.072,654.1114285714285,466.41110714285713,576.8571595410156
San Francisco,2017-04-22,18.28,5,4,0,16,482.664,16.74,654.3314285714285,439.55139285714284,579.682988450382
San Francisco,2017-04-30,64.96,6,4,1,17,18.28,1421.664,460.5165714285714,440.8613928571429,578.7598623713457
San Francisco,2017-05-04,300.904,3,5,0,18,64.96,321.568,457.5645714285714,403.32110714285716,550.8880697275074
San Francisco,2017-05-12,285.48,4,5,0,19,300.904,2003.52,212.13028571428572,373.4608214285714,532.8796356975137
San Francisco,2017-05-19,681.408,4,5,0,20,285.48,120.784,292.2194285714286,396.66967857142856,531.5871458994841
San Francisco,2017-06-06,4.95,1,6,0,23,681.408,211.84,262.66371428571426,394.30760714285714,533.2318231170807
San Francisco,2017-06-16,1212.96,4,6,0,24,4.95,482.664,366.9917142857143,436.3043928571429,550.0926213650945
San Francisco,2017-06-19,50.32,0,6,0,25,1212.96,18.28,371.56885714285715,433.73182142857144,551.7810765972484
San Jose,2016-12-24,43.96,5,12,0,51,14.52,76.14,154.99542857142856,145.1385,98.16013840221935
San Jose,2017-04-16,102.833,6,4,0,15,43.96,256.784,133.00242857142857,140.4378888888889,92.89697453690896
Seattle,2014-07-12,123.136,5,7,0,28,6.24,457.568,409.0745714285714,415.13625,341.6770339009591
Seattle,2014-07-30,1367.84,2,7,0,31,123.136,966.984,466.33971428571425,520.9922222222223,450.5548554332141
Seattle,2014-08-11,12.35,0,8,0,33,1367.84,653.55,374.7397142857143,470.128,454.2200447213516
Seattle,2014-09-13,14.19,5,9,0,37,12.35,12.18,375.02685714285707,428.6790909090909,452.3078562628455
Seattle,2014-09-17,35.34,2,9,0,38,14.19,515.88,306.3782857142857,395.9008333333333,445.9562390650686
Seattle,2014-09-29,2354.98,0,9,0,40,35.34,585.552,559.1537142857143,546.5992307692308,691.0383328231695
Seattle,2014-10-11,63.47,5,10,0,41,2354.98,6.24,567.3294285714286,512.09,676.3675130191368
Seattle,2014-10-26,63.92,6,10,0,43,63.47,123.136,558.87,482.21200000000005,661.9567902557645
Seattle,2014-11-18,867.74,1,11,0,47,63.92,1367.84,487.4271428571429,506.3075,646.7331979098233
Seattle,2015-01-05,61.584,0,1,0,2,867.74,12.35,494.4605714285714,480.14729411764705,635.4182860679023
Seattle,2015-03-02,787.53,0,3,0,10,61.584,14.19,604.9377142857144,497.2241111111111,620.6892460128392
Seattle,2015-03-13,141.96,4,3,0,11,787.53,35.34,620.1691428571429,478.526,608.682876873956
Seattle,2015-03-16,171.96,0,3,0,12,141.96,2354.98,308.30914285714283,463.1977,596.401082790953
Seattle,2015-03-26,3393.68,3,3,0,13,171.96,63.47,784.0534285714285,602.7444761904762,864.204198453561
Seattle,2015-07-25,1266.4679999999998,5,7,0,30,3393.68,63.92,955.8459999999999,632.9137272727272,855.1658933161215
Seattle,2015-09-06,191.82,6,9,0,36,1266.4679999999998,867.74,859.286,613.7357391304347,840.551420548181
Seattle,2015-09-25,307.136,4,9,0,39,191.82,61.584,894.364857142857,600.96075,824.4543329716696
Seattle,2015-10-18,10.11,6,10,0,42,307.136,787.53,783.304857142857,577.32672,815.7004711955404
Seattle,2015-11-19,141.96,3,11,0,47,10.11,141.96,783.304857142857,560.5818461538461,803.7678328743291
Seattle,2015-11-20,22.14,4,11,0,47,141.96,171.96,761.9019999999999,540.6395555555556,794.9419448326125
Seattle,2015-12-01,3917.32,1,12,0,49,22.14,3393.68,836.7077142857142,661.2352857142857,1007.8397812702564
Seattle,2015-12-21,1618.37,0,12,0,52,3917.32,1266.4679999999998,886.9794285714286,702.6925,1022.9136046201194
Seattle,2016-01-10,79.92,6,1,0,1,1618.37,191.82,870.9937142857143,671.0116428571429,1028.1483390214705
Seattle,2016-01-22,109.9,4,1,0,3,79.92,307.136,842.8171428571429,651.5955714285714,1033.6090852396198
Seattle,2016-01-30,483.748,5,1,0,4,109.9,10.11,910.4797142857143,668.4372857142856,1026.6227900103602
Seattle,2016-03-14,196.784,0,3,0,11,483.748,141.96,918.3117142857144,657.041,1030.1440768967618
Seattle,2016-03-22,167.888,1,3,0,12,196.784,22.14,939.1328571428572,642.1244285714286,1034.2333711653796
Seattle,2016-06-14,1115.17,1,6,0,24,167.888,3917.32,538.8257142857143,681.7290714285713,1030.2058102975393
Seattle,2016-07-04,25.4,0,7,0,27,1115.17,1618.37,311.25857142857143,678.2385,1032.3319303344429
Seattle,2016-07-17,37.17,6,7,0,28,25.4,79.92,305.15142857142854,630.7145714285714,1030.036473919732
Seattle,2016-08-23,532.704,1,8,0,34,37.17,109.9,365.552,649.2986428571429,1023.1376893752688
Seattle,2016-09-08,43.13,3,9,0,36,532.704,483.748,302.60657142857144,650.3322142857143,1022.4867521035956
Seattle,2016-09-17,113.888,5,9,0,37,43.13,196.784,290.7642857142857,653.1374999999999,1020.8434039224807
Seattle,2016-09-20,163.88,1,9,0,38,113.888,167.888,290.1917142857143,574.8839285714286,968.1773157943795
Seattle,2016-09-23,184.752,4,9,0,38,163.88,1115.17,157.27485714285714,579.2154285714286,966.0735897604026
Seattle,2016-10-22,101.94,5,10,0,42,184.752,25.4,168.20914285714284,580.5732857142857,965.3489431051022
Seattle,2016-11-04,209.88,4,11,0,44,101.94,37.17,192.882,557.0782857142857,966.1062375892998
Seattle,2016-11-13,19.54,6,11,0,45,209.88,532.704,119.57285714285715,555.5767142857143,966.9371991500853
Seattle,2016-11-19,31.96,5,11,0,46,19.54,43.13,117.97714285714287,528.5920714285714,970.7596704877457
Seattle,2016-11-24,82.26,3,11,0,47,31.96,113.888,113.45885714285714,526.4599285714286,971.7054078845827
Seattle,2016-12-25,2445.602,6,12,0,51,82.26,163.88,439.41914285714284,607.6614285714286,1033.9876197828744
Seattle,2017-01-08,892.98,6,1,0,1,2445.602,184.752,540.5945714285714,518.3507142857143,881.133290584888
Seattle,2017-01-21,84.98,5,1,0,3,892.98,101.94,538.1717142857143,476.1547142857143,872.2250236574769
Seattle,2017-02-11,963.136,5,2,0,6,84.98,209.88,645.7797142857142,503.70171428571433,875.087770882139
Seattle,2017-02-13,107.53,0,2,0,7,963.136,19.54,658.3497142857142,496.57292857142863,877.557920024695
Seattle,2017-03-21,22.14,1,3,0,12,107.53,31.96,656.9468571428571,497.00257142857146,877.3138429780114
Seattle,2017-04-21,162.6,4,4,0,16,22.14,82.26,668.4239999999999,497.73971428571434,877.0130974317765
Seattle,2017-04-27,139.58,3,4,0,17,162.6,2445.602,338.9922857142857,501.934,874.9326744172738
Seattle,2017-05-09,286.85,1,5,0,19,139.58,892.98,252.4022857142857,372.2743571428572,563.6970601916928
Seattle,2017-05-15,303.544,0,5,0,20,286.85,84.98,283.6257142857143,325.31628571428575,508.0680896580739
Seattle,2017-06-11,174.42,6,6,0,23,303.544,963.136,170.952,328.69128571428575,506.6895965271091
Seattle,2017-06-13,291.136,1,6,0,24,174.42,107.53,197.18142857142857,335.16399999999993,504.9457271574034
Seattle,2017-06-25,871.4,6,6,0,25,291.136,22.14,318.5042857142857,349.0087142857143,514.3964449854737
Seattle,2017-06-27,126.3,1,6,0,26,871.4,162.6,313.31857142857143,346.49142857142857,515.3405688001066
Springfield,2015-11-09,1024.38,0,11,0,46,624.442,51.94,541.9885714285714,480.7325,443.07032946378035
Springfield,2015-12-24,9.68,3,12,0,52,1024.38,330.588,496.14457142857145,428.3933333333333,443.20074182135573
Springfield,2016-03-29,299.975,1,3,0,13,9.68,1232.06,362.98957142857154,415.55150000000003,419.82235951127126
Springfield,2016-04-12,343.92,1,4,0,15,299.975,275.49,372.7652857142857,409.0395454545455,398.86362740048475
Springfield,2016-05-30,2275.5,0,5,0,22,343.92,29.46,693.6281428571428,564.5779166666667,659.4963878859601
Springfield,2016-09-12,1059.12,0,9,0,37,2275.5,277.5,805.2881428571428,602.6196153846154,646.1455584999841
Springfield,2016-11-10,185.588,3,11,0,45,1059.12,624.442,742.5947142857142,572.8316428571428,630.7225304338372
Springfield,2016-12-09,1056.86,4,12,0,49,185.588,1024.38,747.2347142857143,605.1002000000001,620.4955616841613
Springfield,2016-12-15,564.195,3,12,0,50,1056.86,9.68,826.4511428571428,602.543625,599.5428840459343
Springfield,2016-12-23,859.14,4,12,0,51,564.195,299.975,906.3318571428572,617.6375294117647,583.8312954986567
Springfield,2017-01-13,212.94,4,1,0,2,859.14,343.92,887.6204285714285,595.1543333333334,574.3756150640758
